姓名,部门,岗位,直属上级,工号,职级,年度人力成本,入职时间,工作地点
陈启明,星澜科技,首席执行官,,E1001,CXO,2200000,2016-01-01,上海
周衡,星澜科技/研发中心,首席技术官,陈启明,E1002,CXO,2206000,2017-02-01,杭州
林知夏,星澜科技/研发中心/平台部,平台总监,周衡,E1003,M3,992000,2018-03-01,北京
赵启年,星澜科技/研发中心/平台部/数据组,数据组长,林知夏,E1004,M1,538000,2019-04-01,深圳
孙澄,星澜科技/研发中心/平台部/数据组/指标平台组,指标平台组长,赵启年,E1005,M1,544000,2020-05-01,成都
吴岚,星澜科技/研发中心/平台部/数据组/指标平台组/采集小组,采集组长,孙澄,E1006,M1,550000,2021-06-01,上海
郑一楠,星澜科技/研发中心/平台部/数据组/指标平台组/采集小组/实时链路小组,实时链路组长,吴岚,E1007,M1,556000,2022-07-01,杭州
韩砺,星澜科技/研发中心/平台部/基础架构组,基础架构组长,林知夏,E1008,M1,520000,2023-08-01,北京
曹敏,星澜科技/研发中心/平台部/研发效能组,研发效能组长,林知夏,E1009,M1,526000,2024-09-01,深圳
梁秋白,星澜科技/研发中心/产品研发一部,研发一部总监,周衡,E1010,M3,992000,2016-10-01,成都
谢予白,星澜科技/研发中心/产品研发一部/前端组,前端组长,梁秋白,E1011,M1,538000,2017-11-01,上海
邓行止,星澜科技/研发中心/产品研发一部/后端组,后端组长,梁秋白,E1012,M1,544000,2018-12-01,杭州
傅望舒,星澜科技/研发中心/产品研发一部/移动组,移动组长,梁秋白,E1013,M1,550000,2019-01-01,北京
宋知远,星澜科技/研发中心/产品研发二部,研发二部总监,周衡,E1014,M3,1016000,2020-02-01,深圳
潘清越,星澜科技/研发中心/产品研发二部/交易组,交易组长,宋知远,E1015,M1,520000,2021-03-01,成都
魏晏如,星澜科技/研发中心/产品研发二部/增长组,增长组长,宋知远,E1016,M1,526000,2022-04-01,上海
姜疏影,星澜科技/研发中心/产品研发二部/商家组,商家组长,宋知远,E1017,M1,532000,2023-05-01,杭州
马修远,星澜科技/研发中心/质量与交付部,质量与交付负责人,周衡,E1018,M2,778000,2024-06-01,北京
顾清和,星澜科技/研发中心/数据智能部,数据智能负责人,周衡,E1019,M3,1004000,2016-07-01,深圳
罗景行,星澜科技/研发中心/数据智能部/算法组,算法组长,顾清和,E1020,M1,550000,2017-08-01,成都
裴晓,星澜科技/研发中心/数据智能部/应用组,应用组长,顾清和,E1021,M1,556000,2018-09-01,上海
许南舟,星澜科技/产品中心,产品副总裁,陈启明,E1022,CXO,2200000,2019-10-01,杭州
叶晚,星澜科技/产品中心/设计组,设计组长,许南舟,E1023,M1,526000,2020-11-01,北京
丁可,星澜科技/产品中心/产品运营组,产品运营组长,许南舟,E1024,M1,532000,2021-12-01,深圳
沈觅,星澜科技/产品中心/商业产品组,商业产品组长,许南舟,E1025,M1,538000,2022-01-01,成都
江晚吟,星澜科技/商业化中心,商业化副总裁,陈启明,E1026,CXO,2224000,2023-02-01,上海
唐以安,星澜科技/商业化中心/销售部,销售经理,江晚吟,E1027,M2,790000,2024-03-01,杭州
何清,星澜科技/商业化中心/客户成功部,客户成功负责人,江晚吟,E1028,M2,796000,2016-04-01,北京
苏小满,星澜科技/商业化中心/市场部,市场经理,江晚吟,E1029,M2,760000,2017-05-01,深圳
韩舒,星澜科技/职能中心,职能负责人,陈启明,E1030,M4,1406000,2018-06-01,成都
陆晚宁,星澜科技/职能中心/人力资源部,人力资源经理,韩舒,E1031,M2,772000,2019-07-01,上海
冯既白,星澜科技/职能中心/财务部,财务经理,韩舒,E1032,M2,778000,2020-08-01,杭州
秦牧之,星澜科技/职能中心/法务部,法务经理,韩舒,E1033,M2,784000,2021-09-01,北京
姚之远,星澜科技/职能中心/总经理办公室,总办主任,韩舒,E1034,M2,790000,2022-10-01,深圳
沈予安,星澜科技/战略部,战略负责人,陈启明,E1035,M3,1016000,2023-11-01,成都
李子轩,星澜科技/研发中心/平台部/数据组,数据工程师,赵启年,E1036,P6,340000,2024-12-01,上海
李雨桐,星澜科技/研发中心/平台部/数据组,数据工程师,赵启年,E1037,P6,346000,2016-01-01,杭州
李浩然,星澜科技/研发中心/平台部/数据组/指标平台组,指标工程师,孙澄,E1038,P6,352000,2017-02-01,北京
李欣怡,星澜科技/研发中心/平台部/数据组/指标平台组,指标工程师,孙澄,E1039,P6,358000,2018-03-01,深圳
李俊杰,星澜科技/研发中心/平台部/数据组/指标平台组/采集小组,数据采集工程师,吴岚,E1040,P6,364000,2019-04-01,成都
李思远,星澜科技/研发中心/平台部/数据组/指标平台组/采集小组,数据采集工程师,吴岚,E1041,P6,370000,2020-05-01,上海
李嘉琪,星澜科技/研发中心/平台部/数据组/指标平台组/采集小组/实时链路小组,实时数据工程师,郑一楠,E1042,P6,376000,2021-06-01,杭州
李明哲,星澜科技/研发中心/平台部/数据组/指标平台组/采集小组/实时链路小组,实时数据工程师,郑一楠,E1043,P6,340000,2022-07-01,北京
李婉清,星澜科技/研发中心/平台部/数据组/指标平台组/采集小组/实时链路小组,实时数据工程师,郑一楠,E1044,P6,346000,2023-08-01,深圳
李博文,星澜科技/研发中心/平台部/基础架构组,基础架构工程师,韩砺,E1045,P6,352000,2024-09-01,成都
李语桐,星澜科技/研发中心/平台部/基础架构组,基础架构工程师,韩砺,E1046,P6,358000,2016-10-01,上海
李安然,星澜科技/研发中心/平台部/基础架构组,基础架构工程师,韩砺,E1047,P6,364000,2017-11-01,杭州
李一诺,星澜科技/研发中心/平台部/基础架构组,基础架构工程师,韩砺,E1048,P6,370000,2018-12-01,北京
李清越,星澜科技/研发中心/平台部/研发效能组,效能工程师,曹敏,E1049,P6,376000,2019-01-01,深圳
李景行,星澜科技/研发中心/平台部/研发效能组,效能工程师,曹敏,E1050,P6,340000,2020-02-01,成都
李书衡,星澜科技/研发中心/平台部/研发效能组,效能工程师,曹敏,E1051,P6,346000,2021-03-01,上海
李明川,星澜科技/研发中心/产品研发一部/前端组,前端工程师,谢予白,E1052,P6,352000,2022-04-01,杭州
李舒然,星澜科技/研发中心/产品研发一部/前端组,前端工程师,谢予白,E1053,P6,358000,2023-05-01,北京
李嘉树,星澜科技/研发中心/产品研发一部/前端组,前端工程师,谢予白,E1054,P6,364000,2024-06-01,深圳
李向晚,星澜科技/研发中心/产品研发一部/后端组,后端工程师,邓行止,E1055,P7,510000,2016-07-01,成都
李予怀,星澜科技/研发中心/产品研发一部/后端组,后端工程师,邓行止,E1056,P7,516000,2017-08-01,上海
李敬之,星澜科技/研发中心/产品研发一部/后端组,后端工程师,邓行止,E1057,P7,480000,2018-09-01,杭州
李照野,星澜科技/研发中心/产品研发一部/移动组,移动工程师,傅望舒,E1058,P6,346000,2019-10-01,北京
李青禾,星澜科技/研发中心/产品研发一部/移动组,移动工程师,傅望舒,E1059,P6,352000,2020-11-01,深圳
李未央,星澜科技/研发中心/产品研发一部/移动组,移动工程师,傅望舒,E1060,P6,358000,2021-12-01,成都
李言蹊,星澜科技/研发中心/产品研发二部/交易组,交易开发工程师,潘清越,E1061,P6,364000,2022-01-01,上海
李怀瑾,星澜科技/研发中心/产品研发二部/交易组,交易开发工程师,潘清越,E1062,P6,370000,2023-02-01,杭州
李北辰,星澜科技/研发中心/产品研发二部/交易组,交易开发工程师,潘清越,E1063,P6,376000,2024-03-01,北京
李清妍,星澜科技/研发中心/产品研发二部/增长组,增长开发工程师,魏晏如,E1064,P6,340000,2016-04-01,深圳
李念初,星澜科技/研发中心/产品研发二部/增长组,增长开发工程师,魏晏如,E1065,P6,346000,2017-05-01,成都
李知微,星澜科技/研发中心/产品研发二部/增长组,增长开发工程师,魏晏如,E1066,P6,352000,2018-06-01,上海
李行知,星澜科技/研发中心/产品研发二部/商家组,商家开发工程师,姜疏影,E1067,P5,258000,2019-07-01,杭州
李望舒,星澜科技/研发中心/产品研发二部/商家组,商家开发工程师,姜疏影,E1068,P5,264000,2020-08-01,北京
李听白,星澜科技/研发中心/产品研发二部/商家组,商家开发工程师,姜疏影,E1069,P5,270000,2021-09-01,深圳
李疏桐,星澜科技/研发中心/质量与交付部,测试工程师,马修远,E1070,P6,376000,2022-10-01,成都
李晏清,星澜科技/研发中心/质量与交付部,交付专员,马修远,E1071,P6,340000,2023-11-01,上海
李以宁,星澜科技/研发中心/数据智能部,数据产品专员,顾清和,E1072,P6,346000,2024-12-01,杭州
李晚晴,星澜科技/研发中心/数据智能部,数据产品专员,顾清和,E1073,P6,352000,2016-01-01,北京
李知行,星澜科技/研发中心/数据智能部/算法组,算法工程师,罗景行,E1074,P7,498000,2017-02-01,深圳
李承志,星澜科技/研发中心/数据智能部/算法组,算法工程师,罗景行,E1075,P7,504000,2018-03-01,成都
李星河,星澜科技/研发中心/数据智能部/算法组,算法工程师,罗景行,E1076,P7,510000,2019-04-01,上海
李清和,星澜科技/研发中心/数据智能部/应用组,应用工程师,裴晓,E1077,P6,376000,2020-05-01,杭州
李予安,星澜科技/研发中心/数据智能部/应用组,应用工程师,裴晓,E1078,P6,340000,2021-06-01,北京
李南舟,星澜科技/研发中心/数据智能部/应用组,应用工程师,裴晓,E1079,P6,346000,2022-07-01,深圳
李秋白,星澜科技/产品中心/设计组,产品设计师,叶晚,E1080,P6,352000,2023-08-01,成都
王子轩,星澜科技/产品中心/设计组,产品设计师,叶晚,E1081,P6,358000,2024-09-01,上海
王雨桐,星澜科技/产品中心/设计组,产品设计师,叶晚,E1082,P6,364000,2016-10-01,杭州
王浩然,星澜科技/产品中心/产品运营组,产品运营,丁可,E1083,P6,370000,2017-11-01,北京
王欣怡,星澜科技/产品中心/产品运营组,产品运营,丁可,E1084,P6,376000,2018-12-01,深圳
王俊杰,星澜科技/产品中心/产品运营组,产品运营,丁可,E1085,P6,340000,2019-01-01,成都
王思远,星澜科技/产品中心/商业产品组,产品经理,沈觅,E1086,P7,486000,2020-02-01,上海
王嘉琪,星澜科技/产品中心/商业产品组,产品经理,沈觅,E1087,P7,492000,2021-03-01,杭州
王明哲,星澜科技/产品中心/商业产品组,产品经理,沈觅,E1088,P7,498000,2022-04-01,北京
王婉清,星澜科技/产品中心/商业产品组,产品经理,沈觅,E1089,P7,504000,2023-05-01,深圳
王博文,星澜科技/商业化中心/销售部,销售顾问,唐以安,E1090,P6,370000,2024-06-01,成都
王语桐,星澜科技/商业化中心/销售部,销售顾问,唐以安,E1091,P6,376000,2016-07-01,上海
王安然,星澜科技/商业化中心/销售部,销售顾问,唐以安,E1092,P6,340000,2017-08-01,杭州
王一诺,星澜科技/商业化中心/销售部,销售顾问,唐以安,E1093,P6,346000,2018-09-01,北京
王清越,星澜科技/商业化中心/销售部,销售顾问,唐以安,E1094,P6,352000,2019-10-01,深圳
王景行,星澜科技/商业化中心/客户成功部,客户成功顾问,何清,E1095,P6,358000,2020-11-01,成都
王书衡,星澜科技/商业化中心/客户成功部,客户成功顾问,何清,E1096,P6,364000,2021-12-01,上海
王明川,星澜科技/商业化中心/客户成功部,客户成功顾问,何清,E1097,P6,370000,2022-01-01,杭州
王舒然,星澜科技/商业化中心/客户成功部,客户成功顾问,何清,E1098,P6,376000,2023-02-01,北京
王嘉树,星澜科技/商业化中心/客户成功部,客户成功顾问,何清,E1099,P6,340000,2024-03-01,深圳
王向晚,星澜科技/商业化中心/客户成功部,客户成功顾问,何清,E1100,P6,346000,2016-04-01,成都
王予怀,星澜科技/商业化中心/客户成功部,客户成功顾问,何清,E1101,P6,352000,2017-05-01,上海
王敬之,星澜科技/商业化中心/客户成功部,客户成功顾问,何清,E1102,P6,358000,2018-06-01,杭州
王照野,星澜科技/商业化中心/客户成功部,客户成功顾问,何清,E1103,P6,364000,2019-07-01,北京
王青禾,星澜科技/商业化中心/客户成功部,客户成功顾问,何清,E1104,P6,370000,2020-08-01,深圳
王未央,星澜科技/商业化中心/客户成功部,客户成功顾问,何清,E1105,P6,376000,2021-09-01,成都
王言蹊,星澜科技/商业化中心/客户成功部,客户成功顾问,何清,E1106,P6,340000,2022-10-01,上海
王怀瑾,星澜科技/商业化中心/市场部,市场专员,苏小满,E1107,P5,246000,2023-11-01,杭州
王北辰,星澜科技/商业化中心/市场部,市场专员,苏小满,E1108,P5,252000,2024-12-01,北京
王清妍,星澜科技/商业化中心/市场部,市场专员,苏小满,E1109,P5,258000,2016-01-01,深圳
王念初,星澜科技/职能中心/人力资源部,人力资源专员,陆晚宁,E1110,P5,264000,2017-02-01,成都
王知微,星澜科技/职能中心/人力资源部,人力资源专员,陆晚宁,E1111,P5,270000,2018-03-01,上海
王行知,星澜科技/职能中心/人力资源部,人力资源专员,陆晚宁,E1112,P5,276000,2019-04-01,杭州
王望舒,星澜科技/职能中心/人力资源部,人力资源专员,陆晚宁,E1113,P5,240000,2020-05-01,北京
王听白,星澜科技/职能中心/财务部,财务专员,冯既白,E1114,P6,346000,2021-06-01,深圳
王疏桐,星澜科技/职能中心/财务部,财务专员,冯既白,E1115,P6,352000,2022-07-01,成都
王晏清,星澜科技/职能中心/财务部,财务专员,冯既白,E1116,P6,358000,2023-08-01,上海
王以宁,星澜科技/职能中心/法务部,法务专员,秦牧之,E1117,P6,364000,2024-09-01,杭州
王晚晴,星澜科技/职能中心/法务部,法务专员,秦牧之,E1118,P6,370000,2016-10-01,北京
王知行,星澜科技/职能中心/法务部,法务专员,秦牧之,E1119,P6,376000,2017-11-01,深圳
王承志,星澜科技/职能中心/总经理办公室,行政专员,姚之远,E1120,P5,240000,2018-12-01,成都
王星河,星澜科技/职能中心/总经理办公室,行政专员,姚之远,E1121,P5,246000,2019-01-01,上海
王清和,星澜科技/职能中心/总经理办公室,行政专员,姚之远,E1122,P5,252000,2020-02-01,杭州
