员工姓名,组织单元,担任岗位,汇报人,工号,备注,数据标记
陈建国,凌川贸易,总经理,,LC001,总经办,示例数据
刘芳,销售部,销售总监,陈建国,LC002,销售,示例数据
张伟,销售部,销售经理,刘芳,LC003,销售,示例数据
黄丽,销售部,销售专员,刘芳,LC004,销售,示例数据
徐强,销售部,销售专员,刘芳,LC005,销售,示例数据
周凯,销售部,销售助理,张伟,LC006,销售，上级只写了张伟,示例数据
赵强,仓储部,仓储总监,陈建国,LC007,仓储,示例数据
张伟,仓储部,仓储主管,赵强,LC008,和销售部张伟重名,示例数据
马丽,仓储部,仓管员,赵强,LC009,仓储,示例数据
胡兵,仓储部,仓管员,赵强,LC010,仓储,示例数据
孙婷,市场部,市场经理,陈建国,LC011,市场,示例数据
周宁,市场部,市场专员,钱多多,LC012,上级钱多多不在表里,示例数据
王磊,渠道部,渠道经理,李娜,LC013,和李娜互相汇报,示例数据
李娜,渠道部,渠道主管,王磊,LC014,和王磊互相汇报,示例数据
高峰,渠道部,渠道专员,王磊,LC015,渠道,示例数据
吴霞,财务部,财务经理,陈建国,LC016,财务,示例数据
郑浩,财务部,会计,吴霞,LC017,财务,示例数据
冯雪,财务部,出纳,吴霞,LC018,财务,示例数据
陈静,人力资源部,人力资源经理,陈建国,LC019,人力资源,示例数据
林峰,人力资源部,招聘专员,陈静,LC020,人力资源,示例数据
何敏,凌川贸易,行政专员,陈建国,LC021,总经办,示例数据
郭亮,采购部,采购专员,陈建国,LC022,采购,示例数据
